question,label
수빈 전화,S-Target O
연락 이천우,O S-Target
무전 가이,O S-Target
통화 설아,O S-Target
연락 다솜한테,O S-Target
전화 제니에게,O S-Target
송보담에게 통화,S-Target O
무전 박세훈한테,O S-Target
교신해 박세훈에게,O S-Target
연결해 하그리한테,O S-Target
송신해 소담한테,O S-Target
설아에게 걸어,S-Target O
이규빈한테 발신해,S-Target O
이규빈 걸어,S-Target O
다솜 발신해,S-Target O
수빈 송신해,S-Target O
김민이 교신해,S-Target O
가이 연결해,S-Target O
이천우 발신해주실 수 있으십니까,S-Target O O O
교신해라 다솜,O S-Target
걸어봐줘 소담,O S-Target
송보담 발신해봐주라,S-Target O
설아 걸어봐다오,S-Target O
설아 발신하니,S-Target O
제니 교신해주실 수 있으십니까,S-Target O O O
연결했느냐 이천우,O S-Target
소담 송신해줘,S-Target O
발신했어 이천우,O S-Target
소담 연결하니,S-Target O
소담 걸어보자고,S-Target O
송신해주라 제니,O S-Target
연결하자 하그리,O S-Target
이경원 송신했느냐,S-Target O
소담 연결해주실 수 있나요,S-Target O O O
김민이 발신해봐,S-Target O
교신해주시겠습니까 설아,O S-Target
발신하는거 어때 박세훈,O O S-Target
연결해주시겠습니까 다솜,O S-Target
수빈 걸었을까,S-Target O
수빈 교신하고 싶어,S-Target O O
김민이 송신해주겠니,S-Target O
송보담 교신했냐고,S-Target O
송신해봐 하그리,O S-Target
걸어쥬 소담,O S-Target
송신해줄래요 가브리엘,O S-Target
박세훈 거는거 어때,S-Target O O
발신했냐 수빈,O S-Target
송보담 송신하자,S-Target O
송신해봐봐 수빈,O S-Target
연결해쥬 이경원,O S-Target
걸어주시겠습니까 김민이,O S-Target
연결해봐봐 김민이,O S-Target
이규빈 교신했을까,S-Target O
송신했니 가이,O S-Target
발신했느냐 송보담,O S-Target
교신해보자 이경원,O S-Target
제니 교신해줄 수 있으십니까,S-Target O O O
이천우 발신했나,S-Target O
발신해보자 설아,O S-Target
연결해주겠니 이경원,O S-Target
제니 발신해주시겠습니까,S-Target O
연결해봐 가이,O S-Target
다솜 송신해주세요,S-Target O
가브리엘 교신해줘봐,S-Target O
교신해달라고 했지 이경원,O O S-Target
교신해보자고 제니,O S-Target
설아 발신해봐봐,S-Target O
송신해주련 수빈,O S-Target
소담 걸어봐주라,S-Target O
이천우 연결해줄 수 있으십니까,S-Target O O O
이경원 연결했어,S-Target O
발신했을까 수빈,O S-Target
다솜 걸어줄래,S-Target O
걸어줘 가이,O S-Target
송신해라 이규빈,O S-Target
다솜 걸어줄 수 있느냐,S-Target O O O
발신해봐보자 김민이,O S-Target
다솜 교신해봐줘,S-Target O
걸었냐 박세훈,O S-Target
송보담 걸었어,S-Target O
연결해볼래 이규빈,O S-Target
김민이 발신해봐다오,S-Target O
박세훈 발신해줄래,S-Target O
발신하자 설아,O S-Target
송신해주실 수 있나요 제니,O O O S-Target
연결해줘봐 김민이,O S-Target
발신해달라고 했지 송보담,O O S-Target
하그리 교신합시다,S-Target O
걸었나 제니,O S-Target
수빈 거니,S-Target O
이경원 걸어봐봐,S-Target O
설아 발신해줄래요,S-Target O
거냐 이경원,O S-Target
이경원 발신해쥬,S-Target O
걸어주실 수 있나요 제니,O O O S-Target
겁시다 가브리엘,O S-Target
다솜 연결해봐주라,S-Target O
가이 송신하니,S-Target O
송신해봐다오 이천우,O S-Target
소담 연결하는거 어때,S-Target O O
수빈 송신했을까,S-Target O
연결해봐보자 이규빈,O S-Target
송신해봐주라 송보담,O S-Target
가이 교신해볼래,S-Target O
하그리 연결해볼까,S-Target O
송신해봐줘 이규빈,O S-Target
교신해봐보자 가이,O S-Target
다솜 연결했냐,S-Target O
가브리엘 송신해줄 수 있으십니까,S-Target O O O
다솜 송신했나,S-Target O
제니 송신해줘봐,S-Target O
발신해줄 수 있느냐 제니,O O O S-Target
이천우 걸어주련,S-Target O
가이 교신했느냐,S-Target O
설아 송신해줄 수 있어,S-Target O O O
발신해야 겠어 제니,O O S-Target
발신하고 싶어 송보담,O O S-Target
이천우 교신해줄 수 있냐,S-Target O O O
걸어보자 설아,O S-Target
송신하는거 어때 제니,O O S-Target
발신하냐 다솜,O S-Target
연결합시다 박세훈,O S-Target
가이 송신해보자,S-Target O
박세훈 송신해줄 수 있느냐,S-Target O O O
송신해다오 이경원,O S-Target
연결해봐줘 제니,O S-Target
교신해줄 수 있느냐 이규빈,O O O S-Target
교신하니 이천우,O S-Target
다솜 연결해줄 수 있느냐,S-Target O O O
김민이 걸었냐고,S-Target O
박세훈 교신하는거 어때,S-Target O O
이규빈 교신해줄래요,S-Target O
이천우 발신해주실 수 있나요,S-Target O O O
소담 발신해줘봐,S-Target O
이규빈 교신해주라,S-Target O
걸었느냐 다솜,O S-Target
가이 발신해라,S-Target O
연결해라 가브리엘,O S-Target
교신해봐 가브리엘,O S-Target
연결했나 설아,O S-Target
발신해보자고 박세훈,O S-Target
발신했냐고 이경원,O S-Target
이천우 걸어줄 수 있으십니까,S-Target O O O
교신했니 가브리엘,O S-Target
이경원 교신해주겠니,S-Target O
연결해주련 수빈,O S-Target
송신해봅시다 박세훈,O S-Target
이천우 연결해봅시다,S-Target O
거자 하그리,O S-Target
발신해봐줘 하그리,O S-Target
김민이 연결해보자,S-Target O
연결할까 이천우,O S-Target
이경원 연결해주자,S-Target O
소담 교신해주자,S-Target O
가이 교신해줄래,S-Target O
발신해주세요 수빈,O S-Target
가브리엘 교신했어,S-Target O
발신해볼래 송보담,O S-Target
가브리엘 연결했니,S-Target O
하그리 걸까,S-Target O
이규빈 교신해줘,S-Target O
송신해봐보자 이천우,O S-Target
송보담 걸었니,S-Target O
발신해줘 김민이,O S-Target
박세훈 연결해주실 수 있으십니까,S-Target O O O
연결해줄 수 있어 가브리엘,O O O S-Target
소담 교신해볼까,S-Target O
송신해달라고 했지 하그리,O O S-Target
연결했냐고 제니,O S-Target
걸어봅시다 박세훈,O S-Target
걸어주라 가이,O S-Target
송보담 송신해볼래,S-Target O
교신해봅시다 하그리,O S-Target
송보담 걸어줄 수 있어,S-Target O O O
발신해볼까 가이,O S-Target
다솜 발신해주자,S-Target O
연결했다 소담,O S-Target
박세훈 걸어주실 수 있으십니까,S-Target O O O
교신했다 가이,O S-Target
발신해주라 가브리엘,O S-Target
소담 송신했냐고,S-Target O
교신했나 소담,O S-Target
송신해보자고 이경원,O S-Target
발신해줄 수 있냐 수빈,O O O S-Target
소담 연결하고 싶어,S-Target O O
거고 싶어 박세훈,O O S-Target
설아 교신해줄 수 있어,S-Target O O O
하그리 교신해주련,S-Target O
김민이 걸어주겠니,S-Target O
하그리 교신할까,S-Target O
발신해줄 수 있어 가브리엘,O O O S-Target
걸어줄 수 있냐 이규빈,O O O S-Target
연결해달라고 했지 이규빈,O O S-Target
송신해주실 수 있으십니까 제니,O O O S-Target
다솜 연결해줄래,S-Target O
박세훈 교신해주세요,S-Target O
연결해야 겠어 이천우,O O S-Target
설아 송신해주자,S-Target O
제니 연결했을까,S-Target O
소담 송신해쥬,S-Target O
김민이 걸어볼까,S-Target O
수빈 걸어다오,S-Target O
송신했냐 설아,O S-Target
송신하냐 가이,O S-Target
교신해쥬 가이,O S-Target
송보담 교신해다오,S-Target O
이경원 발신해주련,S-Target O
이규빈 송신해볼까,S-Target O
이천우 발신해다오,S-Target O
설아 걸어야 겠어,S-Target O O
송신해주시겠습니까 이경원,O S-Target
걸어주자 수빈,O S-Target
설아 걸어줘봐,S-Target O
연결해줄 수 있냐 김민이,O O O S-Target
설아 발신할까,S-Target O
이규빈 발신해줄 수 있으십니까,S-Target O O O
다솜 송신했다,S-Target O
발신했니 가브리엘,O S-Target
교신하냐 가브리엘,O S-Target
박세훈 송신해줄 수 있냐,S-Target O O O
교신해주실 수 있나요 하그리,O O O S-Target
다솜 교신해봐다오,S-Target O
다솜 발신해주겠니,S-Target O
교신하자 이규빈,O S-Target
발신해봅시다 수빈,O S-Target
송보담 송신해야 겠어,S-Target O O
하그리 걸었다,S-Target O
박세훈 걸어봐,S-Target O
걸어달라고 했지 이천우,O O S-Target
걸어봐보자 가이,O S-Target
하그리 교신해야 겠어,S-Target O O
설아 교신해봐봐,S-Target O
송신했어 가이,O S-Target
걸어주세요 송보담,O S-Target
하그리 교신했냐,S-Target O
이규빈 연결해줄래요,S-Target O
수빈 연결해다오,S-Target O
김민이 송신하고 싶어,S-Target O O
걸어라 하그리,O S-Target
이규빈 걸어줄래요,S-Target O
연결해줘 박세훈,O S-Target
제니 송신합시다,S-Target O
가브리엘 발신했다,S-Target O
연결하냐 소담,O S-Target
김민이 연결해봐다오,S-Target O
하그리 교신해봐주라,S-Target O
송신할까 수빈,O S-Target
이규빈 연결해주세요,S-Target O
가브리엘 송신해줄래,S-Target O
김민이 연결해주라,S-Target O
걸어볼래 송보담,O S-Target
발신합시다 가브리엘,O S-Target
연결해보자고 수빈,O S-Target
송신해야 겠어 가이한테,O O S-Target
가이한테 발신하고 싶어,S-Target O O
연결했냐고 가브리엘에게,O S-Target
박세훈에게 송신해줄 수 있냐,S-Target O O O
수빈에게 발신합시다,S-Target O
이경원한테 발신해줄 수 있으십니까,S-Target O O O
하그리한테 교신합시다,S-Target O
연결해주세요 이경원한테,O S-Target
연결해주실 수 있으십니까 박세훈에게,O O O S-Target
교신해주겠니 이천우한테,O S-Target
수빈에게 발신했다,S-Target O
다솜에게 걸어주겠니,S-Target O
발신해봐 다솜에게,O S-Target
이규빈에게 걸어봐주라,S-Target O
김민이한테 교신해줄래,S-Target O
하그리한테 송신해봐,S-Target O
교신했냐고 가이한테,O S-Target
걸어줄 수 있느냐 설아에게,O O O S-Target
걸었니 가이한테,O S-Target
하그리한테 거자,S-Target O
이천우한테 발신해쥬,S-Target O
수빈에게 발신했니,S-Target O
설아에게 발신해주자,S-Target O
제니한테 발신해봐봐,S-Target O
다솜에게 발신해봐보자,S-Target O
수빈에게 연결했니,S-Target O
발신해보자고 박세훈에게,O S-Target
박세훈에게 걸어주실 수 있으십니까,S-Target O O O
송신해볼래 가이한테,O S-Target
가브리엘에게 발신해주시겠습니까,S-Target O
연결해달라고 했지 이경원한테,O O S-Target
가이한테 걸어주세요,S-Target O
교신해줘봐 수빈에게,O S-Target
다솜에게 연결해보자,S-Target O
이천우한테 연결해쥬,S-Target O
소담에게 발신했나,S-Target O
송신했냐 제니한테,O S-Target
박세훈에게 교신해주세요,S-Target O
교신해봅시다 하그리한테,O S-Target
걸어줄래 설아에게,O S-Target
김민이한테 송신하니,S-Target O
이규빈에게 걸어보자고,S-Target O
이경원한테 교신해줄 수 있느냐,S-Target O O O
발신해주라 수빈에게,O S-Target
송보담한테 송신해봐봐,S-Target O
연결해다오 송보담한테,O S-Target
제니한테 발신하니,S-Target O
걸었을까 송보담한테,O S-Target
걸어주련 소담에게,O S-Target
교신하니 소담에게,O S-Target
이규빈에게 연결했다,S-Target O
송신해줄래 수빈에게,O S-Target
이규빈에게 송신해쥬,S-Target O
발신하자 제니한테,O S-Target
연결해봐다오 다솜에게,O S-Target
소담에게 연결할까,S-Target O
걸어봐줘 이규빈에게,O S-Target
설아에게 연결해줄래,S-Target O
발신해봅시다 송보담한테,O S-Target
걸어주자 송보담한테,O S-Target
발신했을까 송보담한테,O S-Target
다솜에게 걸어볼까,S-Target O
거니 송보담한테,O S-Target
걸어줄 수 있어 가이한테,O O O S-Target
연결해봐줘 가브리엘에게,O S-Target
교신했냐 하그리한테,O S-Target
김민이한테 교신해쥬,S-Target O
이경원한테 걸어줄 수 있냐,S-Target O O O
이규빈에게 연결하니,S-Target O
제니한테 송신해주자,S-Target O
발신해봐줘 하그리한테,O S-Target
가브리엘에게 걸어주실 수 있나요,S-Target O O O
교신하는거 어때 박세훈에게,O O S-Target
이천우한테 연결해주자,S-Target O
연결하는거 어때 이규빈에게,O O S-Target
이경원한테 송신해볼까,S-Target O
연결해줄래요 이경원한테,O S-Target
연결해줘봐 다솜에게,O S-Target
수빈에게 송신해줄 수 있으십니까,S-Target O O O
소담에게 발신해다오,S-Target O
이규빈에게 연결해주실 수 있나요,S-Target O O O
소담에게 송신해봐다오,S-Target O
송신해주실 수 있나요 가브리엘에게,O O O S-Target
제니한테 송신해줄 수 있어,S-Target O O O
연결해주겠니 이천우한테,O S-Target
하그리한테 걸어라,S-Target O
이경원한테 교신해주라,S-Target O
연결해봐주라 설아에게,O S-Target
이천우한테 교신해달라고 했지,S-Target O O
송신했다 설아에게,O S-Target
가이한테 발신했느냐,S-Target O
이천우한테 송신해주시겠습니까,S-Target O
송보담한테 발신했냐,S-Target O
교신했나 이규빈에게,O S-Target
김민이한테 교신해봐보자,S-Target O
이천우한테 송신해보자고,S-Target O
발신해라 김민이한테,O S-Target
김민이한테 걸어주라,S-Target O
설아에게 송신했나,S-Target O
수빈에게 교신하냐,S-Target O
설아에게 교신해라,S-Target O
발신해줄래요 제니한테,O S-Target
하그리한테 연결하자,S-Target O
하그리한테 송신해달라고 했지,S-Target O O
연결해보자고 송보담한테,O S-Target
김민이한테 교신했느냐,S-Target O
교신해볼래 김민이한테,O S-Target
이천우한테 연결했어,S-Target O
다솜에게 발신해봐다오,S-Target O
하그리한테 교신해주실 수 있나요,S-Target O O O
송신해봐주라 가이한테,O S-Target
가브리엘에게 발신해줄 수 있느냐,S-Target O O O
설아에게 연결했냐,S-Target O
이천우한테 송신해다오,S-Target O
박세훈에게 송신해봅시다,S-Target O
송신해라 이경원한테,O S-Target
소담에게 송신해봐보자,S-Target O
설아에게 송신해주세요,S-Target O
김민이한테 송신했니,S-Target O
교신해봐다오 설아에게,O S-Target
발신해주련 이천우한테,O S-Target
송보담한테 송신할까,S-Target O
제니한테 연결했나,S-Target O
발신했어 소담에게,O S-Target
교신해봐주라 하그리한테,O S-Target
제니한테 발신할까,S-Target O
걸었냐고 다솜에게,O S-Target
연결했을까 가브리엘에게,O S-Target
박세훈에게 발신해줄래,S-Target O
연결해볼까 하그리한테,O S-Target
송보담한테 발신해줄 수 있냐,S-Target O O O
이경원한테 걸어줄래요,S-Target O
소담에게 발신해주실 수 있나요,S-Target O O O
가브리엘에게 송신해줘봐,S-Target O
교신해줄 수 있어 제니한테,O O O S-Target
설아에게 발신해주겠니,S-Target O
하그리한테 교신할까,S-Target O
수빈에게 발신해줄 수 있어,S-Target O O O
발신해주실 수 있으십니까 소담에게,O O O S-Target
연결해주시겠습니까 설아에게,O S-Target
제니한테 교신해봐봐,S-Target O
박세훈에게 걸었냐,S-Target O
교신해줄 수 있으십니까 가브리엘에게,O O O S-Target
송신했어 김민이한테,O S-Target
발신해볼래 가이한테,O S-Target
발신해야 겠어 가브리엘에게,O O S-Target
다솜에게 송신해주겠니,S-Target O
설아에게 연결해줄 수 있느냐,S-Target O O O
송신하고 싶어 다솜에게,O O S-Target
이경원한테 교신해줘,S-Target O
걸었어 가이한테,O S-Target
김민이한테 걸어줘,S-Target O
교신했을까 이경원한테,O S-Target
연결해줄 수 있냐 다솜에게,O O O S-Target
연결해줄 수 있으십니까 소담에게,O O O S-Target
수빈에게 교신해봐,S-Target O
교신해주시겠습니까 제니한테,O S-Target
다솜에게 발신해줘,S-Target O
소담에게 걸어줄 수 있으십니까,S-Target O O O
이천우한테 발신했냐고,S-Target O
송신하는거 어때 가브리엘에게,O O S-Target
연결해주련 송보담한테,O S-Target
박세훈에게 거는거 어때,S-Target O O
김민이한테 연결해봐,S-Target O
이규빈에게 연결하고 싶어,S-Target O O
설아에게 걸었느냐,S-Target O
이규빈에게 송신해줘,S-Target O
걸어보자 제니한테,O S-Target
가브리엘에게 교신해보자고,S-Target O
걸어봐다오 제니한테,O S-Target
다솜에게 걸어주시겠습니까,S-Target O
발신해주세요 송보담한테,O S-Target
발신하는거 어때 박세훈에게,O O S-Target
발신해줘봐 이규빈에게,O S-Target
수빈에게 송신해줄래요,S-Target O
걸어봐보자 김민이한테,O S-Target
이경원한테 연결해봐보자,S-Target O
이규빈에게 교신해주자,S-Target O
박세훈에게 연결해줘,S-Target O
이규빈에게 걸어쥬,S-Target O
연결해봅시다 소담에게,O S-Target
교신했어 수빈에게,O S-Target
송신해줄 수 있느냐 박세훈에게,O O O S-Target
소담에게 연결했느냐,S-Target O
걸어봐봐 이천우한테,O S-Target
가이한테 송신하자,S-Target O
걸어달라고 했지 소담에게,O O S-Target
가이한테 걸어볼래,S-Target O
발신하냐 설아에게,O S-Target
가이한테 발신해달라고 했지,S-Target O O
연결해주라 다솜에게,O S-Target
이경원한테 연결해볼래,S-Target O
교신해보자 이천우한테,O S-Target
송신했냐고 이규빈에게,O S-Target
설아에게 교신해봐줘,S-Target O
교신하자 이경원한테,O S-Target
박세훈에게 연결합시다,S-Target O
수빈에게 겁시다,S-Target O
걸어봅시다 박세훈에게,O S-Target
송보담한테 송신해주련,S-Target O
걸었나 가브리엘에게,O S-Target
제니한테 발신해보자,S-Target O
교신해야 겠어 하그리한테,O O S-Target
교신했다 김민이한테,O S-Target
하그리한테 걸었다,S-Target O
교신해주련 하그리한테,O S-Target
거냐 이천우한테,O S-Target
연결해라 수빈에게,O S-Target
박세훈에게 걸어봐,S-Target O
송신했느냐 이천우한테,O S-Target
거고 싶어 박세훈에게,O O S-Target
송신하냐 김민이한테,O S-Target
이규빈에게 교신해볼까,S-Target O
가이한테 교신해다오,S-Target O
가브리엘에게 교신해주실 수 있으십니까,S-Target O O O
송신해주실 수 있으십니까 가브리엘에게,O O O S-Target
연결해봐봐 다솜에게,O S-Target
송보담한테 교신하고 싶어,S-Target O O
이경원한테 송신해봐줘,S-Target O
송보담한테 걸어다오,S-Target O
송신했을까 송보담한테,O S-Target
가브리엘에게 송신합시다,S-Target O
발신해볼까 김민이한테,O S-Target
수빈에게 교신했니,S-Target O
걸어야 겠어 제니한테,O O S-Target
송신해보자 김민이한테,O S-Target
송신해주라 가브리엘에게,O S-Target
제니한테 걸어줘봐,S-Target O
교신해줄 수 있냐 소담에게,O O O S-Target
이규빈에게 연결하냐,S-Target O
가이한테 발신해봐주라,S-Target O
연결해야 겠어 소담에게,O O S-Target
수빈에게 연결해줄 수 있어,S-Target O O O
하그리한테 걸까,S-Target O
교신해줄래요 이경원한테,O S-Target
연락쳐주실 수 있나요 이경원한테,O O O S-Target
전화놓으고 싶어 다솜한테,O O S-Target
김민이 통화놔보자,S-Target O
이천우 통화남겨달라고 했지,S-Target O O
이규빈한테 전화쳤냐,S-Target O
전화해주라 이규빈한테,O S-Target
가이한테 연락쳐줄 수 있냐,S-Target O O O
송보담 무전뿌셨나,S-Target O
설아한테 전화때려줄 수 있느냐,S-Target O O O
무전쌔립시다 김민이,O S-Target
가브리엘 무전남겨봐주라,S-Target O
연락했을까 하그리한테,O S-Target
소담한테 연락세렸느냐,S-Target O
가이한테 전화세립시다,S-Target O
설아한테 연락쌔려줄 수 있으십니까,S-Target O O O
연락넣어주라 이경원한테,O S-Target
연락놓아라 다솜한테,O S-Target
제니 통화놔봐다오,S-Target O
통화해볼까 가브리엘,O S-Target
전화해주실 수 있나요 소담한테,O O O S-Target
박세훈 무전보내다오,S-Target O
전화남겨주자 가이한테,O S-Target
무전쳐야 겠어 제니,O O S-Target
통화하고 싶어 송보담,O O S-Target
제니 무전뿌시는거 어때,S-Target O O
무전남기는거 어때 이천우,O O S-Target
김민이 무전해다오,S-Target O
수빈 무전세렸나,S-Target O
가브리엘 통화놓아봐줘,S-Target O
전화했니 이규빈한테,O S-Target
설아한테 전화세려다오,S-Target O
가이한테 전화넣었어,S-Target O
통화놓아봐다오 수빈,O S-Target
무전보낼까 박세훈,O S-Target
통화놓았나 박세훈,O S-Target
전화넣었나 다솜한테,O S-Target
전화해봅시다 설아한테,O S-Target
가이한테 전화넣어줘봐,S-Target O
통화했어 이천우,O S-Target
전화뿌셔달라고 했지 하그리한테,O O S-Target
통화넣었을까 이천우,O S-Target
설아한테 연락놨을까,S-Target O
전화놓아줄 수 있으십니까 하그리한테,O O O S-Target
통화넣었느냐 송보담,O S-Target
박세훈 무전넣으고 싶어,S-Target O O
이경원한테 전화뿌셔봅시다,S-Target O
전화놓아줘봐 가이한테,O S-Target
통화쌔렸냐 가브리엘,O S-Target
박세훈 통화쌔려보자,S-Target O
송보담 무전놨나,S-Target O
연락넣어줘 하그리한테,O S-Target
전화놔달라고 했지 이규빈한테,O O S-Target
연락때려주실 수 있나요 이경원한테,O O O S-Target
무전쌔려볼까 이천우,O S-Target
가브리엘 무전쌔려봐,S-Target O
통화남겨줄 수 있으십니까 수빈,O O O S-Target
이천우 무전세릴까,S-Target O
소담한테 연락남겨보자,S-Target O
이경원한테 연락세려봐봐,S-Target O
연락넣었냐 소담한테,O S-Target
이천우 무전놔줘,S-Target O
하그리한테 전화때려봐줘,S-Target O
수빈 무전남겨보자고,S-Target O
김민이 무전놓았어,S-Target O
하그리한테 전화놓아야 겠어,S-Target O O
이규빈한테 전화놔봐줘,S-Target O
연락쌔렸다 설아한테,O S-Target
연락쌔려봐보자 하그리한테,O S-Target
하그리한테 전화때렸을까,S-Target O
박세훈 무전해주자,S-Target O
연락남겼냐고 이규빈한테,O S-Target
전화남길까 설아한테,O S-Target
이규빈한테 연락보내는거 어때,S-Target O O
다솜한테 전화쌔렸어,S-Target O
통화넣었다 가브리엘,O S-Target
가이한테 전화보내야 겠어,S-Target O O
무전남겨쥬 이천우,O S-Target
김민이 무전칠까,S-Target O
소담한테 연락보내니,S-Target O
전화넣어주시겠습니까 소담한테,O S-Target
연락넣어봅시다 설아한테,O S-Target
무전쌔려봐주라 수빈,O S-Target
설아한테 연락쌔려줘봐,S-Target O
연락남겨봐봐 하그리한테,O S-Target
전화세려쥬 이경원한테,O S-Target
김민이 무전보내자,S-Target O
전화넣었니 가이한테,O S-Target
무전쌔려주겠니 제니,O S-Target
연락보냈느냐 가이한테,O S-Target
통화놓았다 가브리엘,O S-Target
전화합시다 이규빈한테,O S-Target
이천우 통화해보자고,S-Target O
연락세려볼래 다솜한테,O S-Target
연락놓으니 다솜한테,O S-Target
김민이 통화해줄래,S-Target O
이천우 무전넣어주실 수 있으십니까,S-Target O O O
하그리한테 전화세려줄래요,S-Target O
가브리엘 통화뿌셔주라,S-Target O
무전쌔리냐 박세훈,O S-Target
연락놓아봅시다 소담한테,O S-Target
연락놓아주시겠습니까 이규빈한테,O S-Target
가브리엘 통화보내주실 수 있나요,S-Target O O O
김민이 통화때려주자,S-Target O
전화뿌셔주겠니 소담한테,O S-Target
다솜한테 연락넣읍시다,S-Target O
이경원한테 전화때려봐,S-Target O
가브리엘 통화쌔릴까,S-Target O
무전쌔려주련 박세훈,O S-Target
전화해야 겠어 다솜한테,O O S-Target
이규빈한테 연락쌔리니,S-Target O
이경원한테 전화보내줄 수 있느냐,S-Target O O O
연락쳐줄 수 있으십니까 하그리한테,O O O S-Target
통화치자 가브리엘,O S-Target
설아한테 전화뿌셔봐주라,S-Target O
무전뿌셔줄래 가브리엘,O S-Target
소담한테 전화남기니,S-Target O
다솜한테 연락넣으냐,S-Target O
이규빈한테 전화보냈니,S-Target O
하그리한테 연락남겨주련,S-Target O
전화뿌셨냐고 이경원한테,O S-Target
무전넣어봐주라 박세훈,O S-Target
전화놔주자 이규빈한테,O S-Target
무전때려보자 이천우,O S-Target
연락넣어쥬 다솜한테,O S-Target
전화놓아봐봐 가이한테,O S-Target
전화놔줄래 설아한테,O S-Target
무전뿌셔줘봐 수빈,O S-Target
소담한테 전화해라,S-Target O
김민이 무전쳤냐고,S-Target O
전화뿌십시다 하그리한테,O S-Target
가이한테 연락쳐봐봐,S-Target O
소담한테 전화때려줄 수 있으십니까,S-Target O O O
송보담 무전해봐,S-Target O
제니 무전남겨줄 수 있어,S-Target O O O
무전남겨줄 수 있냐 송보담,O O O S-Target
김민이 무전놔주련,S-Target O
소담한테 연락보내냐,S-Target O
전화해줘봐 가이한테,O S-Target
통화해봐보자 제니,O S-Target
수빈 통화쌔려주라,S-Target O
전화세리냐 다솜한테,O S-Target
하그리한테 전화세려봐줘,S-Target O
송보담 통화세려주자,S-Target O
수빈 무전세렸을까,S-Target O
제니 통화쳐봐줘,S-Target O
연락놓아주실 수 있나요 소담한테,O O O S-Target
통화놓아봐주라 이천우,O S-Target
무전때렸어 가브리엘,O S-Target
통화때려볼까 김민이,O S-Target
무전넣으는거 어때 가브리엘,O O S-Target
이경원한테 전화치고 싶어,S-Target O O
제니 통화놓아주겠니,S-Target O
통화놨냐 제니,O S-Target
가이한테 전화넣어줄 수 있어,S-Target O O O
연락쌔렸나 이규빈한테,O S-Target
김민이 무전쌔려주실 수 있으십니까,S-Target O O O
가브리엘 무전보내줄래요,S-Target O
연락뿌셨다 이규빈한테,O S-Target
하그리한테 전화남겨줘봐,S-Target O
통화세려보자고 박세훈,O S-Target
설아한테 전화세리니,S-Target O
통화때려줄 수 있냐 김민이,O O O S-Target
이경원한테 전화넣어봐보자,S-Target O
다솜한테 전화보내봐보자,S-Target O
전화해주련 하그리한테,O S-Target
설아한테 연락세려보자,S-Target O
통화세렸어 김민이,O S-Target
이경원한테 전화쌔려줄 수 있냐,S-Target O O O
송보담 통화뿌셔보자,S-Target O
박세훈 무전세려봐다오,S-Target O
전화때려라 설아한테,O S-Target
무전놓아보자고 가브리엘,O S-Target
무전쌔려달라고 했지 이천우,O O S-Target
연락해봐봐 이경원한테,O S-Target
설아한테 연락놔주실 수 있나요,S-Target O O O
이경원한테 연락남겨볼까,S-Target O
연락때렸나 하그리한테,O S-Target
이천우 무전뿌셨을까,S-Target O
수빈 무전놔줄 수 있어,S-Target O O O
연락남기자 다솜한테,O S-Target
소담한테 연락놨느냐,S-Target O
통화보내주자 가브리엘,O S-Target
전화남겨다오 다솜한테,O S-Target
무전치는거 어때 이천우,O O S-Target
연락쌔려볼래 하그리한테,O S-Target
송보담 무전때려보자고,S-Target O
전화남겼나 가이한테,O S-Target
송보담 무전남겨주실 수 있나요,S-Target O O O
수빈 통화보내줘봐,S-Target O
전화세려주실 수 있으십니까 이경원한테,O O O S-Target
통화보냈어 수빈,O S-Target
무전했냐고 제니,O S-Target
무전쌔렸을까 이천우,O S-Target
연락남겼느냐 가이한테,O S-Target
연락뿌셔쥬 다솜한테,O S-Target
무전때려다오 송보담,O S-Target
연락때렸느냐 다솜한테,O S-Target
통화보내는거 어때 박세훈,O O S-Target
전화놓아다오 다솜한테,O S-Target
가이한테 연락남겨봐다오,S-Target O
다솜한테 전화때려봅시다,S-Target O
제니 무전놓을까,S-Target O
무전때려주실 수 있으십니까 송보담,O O O S-Target
연락쳐줄래 설아한테,O S-Target
하그리한테 연락세려주시겠습니까,S-Target O
박세훈 무전했다,S-Target O
연락놔줄 수 있으십니까 이규빈한테,O O O S-Target
연락세려줄래 다솜한테,O S-Target
연락놨다 가이한테,O S-Target
이경원한테 연락놔야 겠어,S-Target O O
무전보내보자 가브리엘,O S-Target
연락해봐주라 이규빈한테,O S-Target
전화쳐줄 수 있어 가이한테,O O O S-Target
전화세려봅시다 설아한테,O S-Target
연락놔줄 수 있느냐 가이한테,O O O S-Target
이천우 무전쳐봐보자,S-Target O
연락해주시겠습니까 이경원한테,O S-Target
소담한테 연락쳐줘봐,S-Target O
무전남겨주겠니 송보담,O S-Target
통화넣어봐봐 이천우,O S-Target
전화놔줘봐 이규빈한테,O S-Target
설아한테 연락보내주시겠습니까,S-Target O
연락놓아볼까 설아한테,O S-Target
연락놓아주세요 이경원한테,O S-Target
수빈 통화넣으자,S-Target O
통화쳤니 박세훈,O S-Target
통화놔볼래 김민이,O S-Target
송보담 무전놓아줘,S-Target O
이천우 통화쳐주실 수 있으십니까,S-Target O O O
무전세려봐 송보담,O S-Target
이경원한테 연락뿌셔라,S-Target O
소담한테 연락때려봐주라,S-Target O
송보담 무전쌔렸느냐,S-Target O
이경원한테 전화세리고 싶어,S-Target O O
전화쳐봐다오 가이한테,O S-Target
통화뿌셔주시겠습니까 가브리엘,O S-Target
전화놔봅시다 소담한테,O S-Target
이경원한테 전화뿌시냐,S-Target O
설아한테 연락뿌셔보자고,S-Target O
무전놔줄 수 있냐 김민이,O O O S-Target
무전하냐 수빈,O S-Target
통화뿌셔줘 박세훈,O S-Target
통화할까 가브리엘,O S-Target
제니 무전뿌셔줄래요,S-Target O
전화놓았냐 다솜한테,O S-Target
통화뿌셔주실 수 있나요 박세훈,O O O S-Target
통화놓아줄 수 있어 이천우,O O O S-Target
김민이 통화놔주겠니,S-Target O
무전보내니 박세훈,O S-Target
통화때려쥬 송보담,O S-Target
무전세려줄 수 있냐 이천우,O O O S-Target
김민이 무전넣어볼래,S-Target O
통화뿌셔줄 수 있으십니까 수빈,O O O S-Target
이규빈한테 전화놔라,S-Target O
전화남겨봐 설아한테,O S-Target
통화놓아봐보자 수빈,O S-Target
가이한테 전화보내줘,S-Target O
김민이 통화세려봐보자,S-Target O
무전쳐보자고 가브리엘,O S-Target
연락넣어라 설아한테,O S-Target
김민이 무전넣어야 겠어,S-Target O O
무전보내봐봐 박세훈,O S-Target
무전넣어보자고 수빈,O S-Target
연락남겨라 다솜한테,O S-Target
통화넣어줄 수 있냐 송보담,O O O S-Target
무전쌔려주시겠습니까 가브리엘,O S-Target
송보담 무전보내줄 수 있으십니까,S-Target O O O
수빈 통화쳐볼래,S-Target O
통화쌔리자 김민이,O S-Target
전화세렸다 소담한테,O S-Target
통화뿌시니 제니,O S-Target
소담한테 전화놔줄래요,S-Target O
이규빈한테 전화보내줄래,S-Target O
연락뿌셔봐줘 이규빈한테,O S-Target
다솜한테 연락쳐보자,S-Target O
통화놔봐 김민이,O S-Target
수빈 통화때려볼래,S-Target O
이천우 통화넣어줄 수 있느냐,S-Target O O O
가브리엘 통화넣어봐다오,S-Target O
연락놓아줄래요 이규빈한테,O S-Target
송보담 통화쳐쥬,S-Target O
김민이 통화보냅시다,S-Target O
통화남겨주세요 송보담,O S-Target
통화쳐줄래요 송보담,O S-Target
무전놓아볼래 박세훈,O S-Target
통화넣어다오 가브리엘,O S-Target
소담한테 전화넣어봐,S-Target O
전화해줘 하그리한테,O S-Target
통화쌔렸니 수빈,O S-Target
전화세려주세요 소담한테,O S-Target
가이한테 연락뿌셔봐다오,S-Target O
통화세려줘봐 제니,O S-Target
전화넣어달라고 했지 소담한테,O O S-Target
하그리한테 전화놓아봐,S-Target O
가브리엘 통화쳐주련,S-Target O
무전놔볼까 가브리엘,O S-Target
이천우 통화놓아주련,S-Target O
연락쌔리는거 어때 소담한테,O O S-Target
송보담 통화쳐주라,S-Target O
전화넣어주겠니 설아한테,O S-Target
통화쳐봐주라 박세훈,O S-Target
통화놓으는거 어때 송보담,O O S-Target
이규빈한테 연락해봐다오,S-Target O
이경원한테 전화쌔려봐다오,S-Target O
통화남겨주실 수 있으십니까 박세훈,O O O S-Target
무전남겨야 겠어 김민이,O O S-Target
통화남겨주라 박세훈,O S-Target
하그리한테 연락놓아주자,S-Target O
설아한테 연락때려줄래요,S-Target O
통화보내쥬 수빈,O S-Target
무전뿌셔봐보자 김민이,O S-Target
제니 통화해볼래,S-Target O
전화세려봐주라 가이한테,O S-Target
이규빈한테 전화놓으냐,S-Target O
무전쳤을까 수빈,O S-Target
이천우 무전보내봐주라,S-Target O
무전치냐 송보담,O S-Target
연락뿌셔줄 수 있느냐 이규빈한테,O O O S-Target
연락때려주련 가이한테,O S-Target
이규빈한테 전화남겼어,S-Target O
무전쳐다오 박세훈,O S-Target
이천우 통화놓아줄래,S-Target O
연락보내봅시다 하그리한테,O S-Target
연락세려주련 소담한테,O S-Target
소담한테 전화뿌셔줄 수 있어,S-Target O O O
연락남겨줄 수 있느냐 설아한테,O O O S-Target
가브리엘 통화했느냐,S-Target O
소담한테 연락쌔려줄 수 있느냐,S-Target O O O
하그리한테 연락놔봐주라,S-Target O
연락보내라 이경원한테,O S-Target
가이한테 연락세려라,S-Target O
소담한테 전화때려줘,S-Target O
무전해봐줘 이천우,O S-Target
이경원한테 연락때려주세요,S-Target O
통화남겼니 김민이,O S-Target
연락쌔려줘 이규빈한테,O S-Target
전화뿌셨냐 다솜한테,O S-Target
전화보냈냐고 다솜한테,O S-Target
무전보내고 싶어 제니,O O S-Target
전화놔주라 다솜한테,O S-Target
송보담 통화넣어주실 수 있나요,S-Target O O O
연락놔봐보자 하그리한테,O S-Target
무전놔쥬 가브리엘,O S-Target
설아한테 전화남겨볼래,S-Target O
제니 통화때렸냐,S-Target O
다솜한테 전화하는거 어때,S-Target O O
통화해줄 수 있느냐 제니,O O O S-Target
하그리한테 전화남겨줄래,S-Target O
통화쳐주세요 박세훈,O S-Target
통화보내냐 가브리엘,O S-Target
이천우 무전놨어,S-Target O
통화남겨봐줘 김민이,O S-Target
다솜한테 전화보내자,S-Target O
통화해주겠니 제니,O S-Target
전화해줄래요 다솜한테,O S-Target
통화놓아줄 수 있냐 송보담,O O O S-Target
통화놔주실 수 있으십니까 박세훈,O O O S-Target
이규빈한테 연락하니,S-Target O
가이한테 연락해주세요,S-Target O
가브리엘 무전보내주라,S-Target O
통화때려야 겠어 김민이,O O S-Target
하그리한테 연락보낼까,S-Target O
전화때려주라 이경원한테,O S-Target
가이한테 전화뿌셔줄 수 있냐,S-Target O O O
박세훈 통화뿌셔주세요,S-Target O
김민이 통화뿌시고 싶어,S-Target O O
이경원한테 전화쳐줄 수 있느냐,S-Target O O O
이천우 통화보내봐줘,S-Target O
하그리한테 연락세려달라고 했지,S-Target O O
전화보내줄 수 있어 하그리한테,O O O S-Target
이경원한테 연락놔주시겠습니까,S-Target O
통화때려줄 수 있어 이천우,O O O S-Target
다솜한테 연락쌔려라,S-Target O
제니 통화세려주라,S-Target O
설아한테 연락해줄 수 있으십니까,S-Target O O O
전화쳤느냐 하그리한테,O S-Target
다솜한테 연락하자,S-Target O
무전세려줄 수 있어 가브리엘,O O O S-Target
무전칩시다 제니,O S-Target
제니 통화쳐주시겠습니까,S-Target O
설아한테 연락남겼냐,S-Target O
이규빈한테 전화쳐줘,S-Target O
통화때렸냐고 수빈,O S-Target
이규빈한테 연락보냈을까,S-Target O
무전보냈냐 이천우,O S-Target
제니 통화넣어주련,S-Target O
다솜한테 전화넣었냐고,S-Target O
이경원한테 연락해주실 수 있으십니까,S-Target O O O
연락넣어봐줘 이경원한테,O S-Target
하그리한테 연락했냐,S-Target O
연락뿌셔야 겠어 다솜한테,O O S-Target
통화넣어줄래 제니,O S-Target
제니 무전보내달라고 했지,S-Target O O
이천우 통화쳐봐,S-Target O
송보담 무전쌔려줄 수 있어,S-Target O O O
이천우 통화놨냐고,S-Target O
무전남겼다 박세훈,O S-Target
가브리엘 무전뿌실까,S-Target O
이규빈한테 연락놔다오,S-Target O
무전넣어주세요 제니,O S-Target
통화때려달라고 했지 박세훈,O O S-Target
하그리한테 연락쳐봅시다,S-Target O
다솜한테 연락때려줄래,S-Target O
연락세렸니 하그리한테,O S-Target
다솜한테 전화놓았니,S-Target O
송보담 통화뿌셔주실 수 있으십니까,S-Target O O O
연락남기고 싶어 다솜한테,O O S-Target
전화쌔려주실 수 있나요 이경원한테,O O O S-Target
수빈 통화때려봐보자,S-Target O
통화보내주세요 이천우,O S-Target
통화세려주겠니 가브리엘,O S-Target
소담한테 연락남겨봅시다,S-Target O
수빈 무전쳤다,S-Target O
소담한테 전화놔보자고,S-Target O
연락세렸냐고 가이한테,O S-Target
무전놓았느냐 송보담,O S-Target
이경원한테 연락넣어주자,S-Target O
무전놔봐봐 수빈,O S-Target
전화넣어볼까 하그리한테,O S-Target
연락남겨주시겠습니까 가이한테,O S-Target
연락세려줄 수 있느냐 이규빈한테,O O O S-Target
통화치니 박세훈,O S-Target
설아한테 전화보내봐,S-Target O
무전놓읍시다 제니,O S-Target
이천우 무전뿌셔볼래,S-Target O
연락쳐볼까 가이한테,O S-Target
수빈 무전놓았냐고,S-Target O
통화쳐주자 이천우,O S-Target
가브리엘 무전남깁시다,S-Target O
통화넣으니 김민이,O S-Target
무전남겨봐보자 가브리엘,O S-Target
김민이 무전쌔려보자고,S-Target O
통화보내보자고 수빈,O S-Target
이경원한테 연락쳐달라고 했지,S-Target O O
소담한테 전화때려봐봐,S-Target O
무전보냈나 수빈,O S-Target
김민이 무전놓아달라고 했지,S-Target O O
가이한테 연락해줄 수 있냐,S-Target O O O
연락쌔려줄래 설아한테,O S-Target
송보담 통화뿌시자,S-Target O
김민이 무전때려줘봐,S-Target O
이경원한테 전화세려볼까,S-Target O
연락뿌셔다오 가이한테,O S-Target
전화보내고 싶어 이규빈한테,O O S-Target
연락보내볼까 하그리한테,O S-Target
가이한테 연락보내줄 수 있냐,S-Target O O O
박세훈 통화놓았을까,S-Target O
무전때려주시겠습니까 제니,O S-Target
김민이 무전뿌셔주련,S-Target O
수빈 무전세려줄 수 있으십니까,S-Target O O O
통화뿌셔볼까 수빈,O S-Target
전화쌔려주자 이경원한테,O S-Target
무전보냈다 수빈,O S-Target
설아한테 연락해줄 수 있어,S-Target O O O
제니 무전뿌셨느냐,S-Target O
박세훈 통화넣어줄 수 있으십니까,S-Target O O O
가이한테 전화보냅시다,S-Target O
무전세려야 겠어 김민이,O O S-Target
수빈 무전해쥬,S-Target O
수빈 무전쌔려다오,S-Target O
설아한테 전화남겨줄래요,S-Target O
제니 무전때렸다,S-Target O
통화뿌셔봐 이천우,O S-Target
이규빈한테 전화쳤어,S-Target O
연락보내주실 수 있으십니까 이규빈한테,O O O S-Target
전화쌔려쥬 설아한테,O S-Target
통화뿌셨니 박세훈,O S-Target
통화때렸니 송보담,O S-Target
이경원한테 연락쳐주겠니,S-Target O
전화보내볼래 이규빈한테,O S-Target
무전세리는거 어때 박세훈,O O S-Target
소담한테 연락넣을까,S-Target O
박세훈 통화했나,S-Target O
소담한테 전화쌔려봅시다,S-Target O
통화놓아주라 제니,O S-Target
통화뿌셨어 송보담,O S-Target
설아한테 전화세렸냐,S-Target O
통화놓아보자 제니,O S-Target
무전쌔려줄래요 수빈,O S-Target
수빈 통화쌔려봐봐,S-Target O
하그리한테 전화쌔리고 싶어,S-Target O O
무전쌔렸냐고 김민이,O S-Target
소담한테 연락뿌셔봐봐,S-Target O
전화넣어줄래요 하그리한테,O S-Target
전화보내봐다오 소담한테,O S-Target
통화쌔려봐줘 수빈,O S-Target
박세훈 무전세려주실 수 있나요,S-Target O O O
연락놓아주실 수 있으십니까 소담한테,O O O S-Target
설아한테 연락해달라고 했지,S-Target O O
무전놔주세요 제니,O S-Target
무전놓으자 가브리엘,O S-Target
무전때려봐다오 박세훈,O S-Target
송보담 무전보내주련,S-Target O
송보담 통화때려주겠니,S-Target O
전화남기냐 이규빈한테,O S-Target
무전해보자 제니,O S-Target
제니 통화놓아쥬,S-Target O
소담한테 연락남겨줘,S-Target O
이경원한테 전화쌔려야 겠어,S-Target O O
이천우 무전세려줘,S-Target O
설아한테 전화넣어보자,S-Target O
무전쳐라 송보담,O S-Target
가이한테 연락뿌셔주자,S-Target O
김민이 통화쳤나,S-Target O
전화놓아줄 수 있느냐 가이한테,O O O S-Target
이경원한테 전화남겼을까,S-Target O
제니 무전보내주겠니,S-Target O
박세훈 무전놨니,S-Target O
설아한테 전화세리자,S-Target O
연락쌔려주세요 다솜한테,O S-Target
빨리 연락놓아보자고 제니,O O S-Target
지금 연락남겨줄 수 있냐 김민이,O O O O S-Target
지금 연락남겨야 겠어 박세훈,O O O S-Target
어서 전화남겨볼래 가이에게,O O S-Target
그런데 무전놓아줄 수 있냐 김민이,O O O O S-Target
그런데 연락남겼다 송보담,O O S-Target
지금 김민이 연락때려보자고,O S-Target O
빨리 소담 무전넣어줄 수 있느냐,O S-Target O O O
당장 전화해야 겠어 이규빈에게,O O O S-Target
어서 이천우에게 전화놓아봐,O S-Target O
빨리 제니 연락뿌셔줄래,O S-Target O
빨리 연락놔주련 박세훈,O O S-Target
빨리 소담 무전했어,O S-Target O
지금 김민이 연락뿌셨나,O S-Target O
어서 이경원에게 통화남겼느냐,O S-Target O
혹시 통화쳐봅시다 이천우에게,O O S-Target
혹시 통화놓아주실 수 있으십니까 설아에게,O O O O S-Target
당장 전화때려봐줘 이천우에게,O O S-Target
혹시 전화보내줄래 가브리엘에게,O O S-Target
그런데 연락남겨쥬 소담,O O S-Target
지금 무전남겨달라고 했지 소담,O O O S-Target
당장 전화세려봅시다 가이에게,O O S-Target
당장 통화쳐볼까 이경원에게,O O S-Target
당장 통화해봐봐 다솜에게,O O S-Target
빨리 수빈 연락보내달라고 했지,O S-Target O O
빨리 무전뿌셔주시겠습니까 제니,O O S-Target
지금 하그리 무전쌔려봐줘,O S-Target O
당장 전화놔주라 이규빈에게,O O S-Target
혹시 다솜에게 전화치고 싶어,O S-Target O O
어서 다솜에게 전화쌔려야 겠어,O S-Target O O
당장 이규빈에게 통화쌔려주세요,O S-Target O
지금 제니 연락보내줄래요,O S-Target O
빨리 무전뿌셔주실 수 있으십니까 김민이,O O O O S-Target
어서 이경원에게 전화넣어줘봐,O S-Target O
그런데 무전때려볼까 박세훈,O O S-Target
혹시 이경원에게 통화뿌셔다오,O S-Target O
어서 설아에게 통화쌔려줄 수 있느냐,O S-Target O O O
혹시 통화때렸나 이천우에게,O O S-Target
지금 박세훈 무전놔보자,O S-Target O
혹시 이규빈에게 통화뿌셔쥬,O S-Target O
그런데 연락해쥬 하그리,O O S-Target
지금 하그리 무전때렸냐고,O S-Target O
어서 이경원에게 전화넣었어,O S-Target O
당장 다솜에게 통화보내라,O S-Target O
지금 무전넣었다 제니,O O S-Target
혹시 가이에게 통화해달라고 했지,O S-Target O O
혹시 전화세리냐 이규빈에게,O O S-Target
어서 가브리엘에게 전화쳤냐,O S-Target O
어서 전화놓았니 이규빈에게,O O S-Target
그런데 제니 무전보내주자,O S-Target O
그런데 무전놓아줄래 소담,O O S-Target
지금 박세훈 무전남겨봐줘,O S-Target O
어서 다솜에게 전화남겼을까,O S-Target O
혹시 다솜에게 통화넣어주자,O S-Target O
혹시 통화쌔렸다 가이에게,O O S-Target
지금 김민이 무전뿌셔보자,O S-Target O
빨리 김민이 무전때려쥬,O S-Target O
지금 연락쳐다오 송보담,O O S-Target
어서 설아에게 전화넣어달라고 했지,O S-Target O O
혹시 통화세려달라고 했지 이천우에게,O O O S-Target
그런데 무전해볼까 제니,O O S-Target
당장 가이에게 전화놔줄래,O S-Target O
지금 송보담 연락세리는거 어때,O S-Target O O
혹시 가브리엘에게 전화놔달라고 했지,O S-Target O O
그런데 하그리 연락남겨보자고,O S-Target O
당장 전화하는거 어때 이규빈에게,O O O S-Target
당장 가브리엘에게 통화남겼냐고,O S-Target O
그런데 제니 무전놓아봐줘,O S-Target O
어서 통화놨다 이경원에게,O O S-Target
빨리 무전때려달라고 했지 송보담,O O O S-Target
혹시 통화놓아주세요 다솜에게,O O S-Target
당장 이경원에게 전화쳐봐다오,O S-Target O
어서 다솜에게 전화때려봐,O S-Target O
혹시 이규빈에게 통화넣으냐,O S-Target O
지금 제니 무전넣어봐다오,O S-Target O
혹시 가이에게 전화세려다오,O S-Target O
당장 이경원에게 통화해주세요,O S-Target O
빨리 박세훈 연락넣어야 겠어,O S-Target O O
빨리 연락쌔려봐 제니,O O S-Target
어서 가브리엘에게 전화보내고 싶어,O S-Target O O
그런데 박세훈 무전때려야 겠어,O S-Target O O
혹시 가이에게 전화남겨봐,O S-Target O
빨리 무전쳐주련 제니,O O S-Target
빨리 무전넣어줄 수 있으십니까 송보담,O O O O S-Target
당장 전화남겨주자 이경원에게,O O S-Target
어서 이천우에게 전화넣어볼까,O S-Target O
빨리 무전쳐주세요 송보담,O O S-Target
그런데 무전보내쥬 하그리,O O S-Target
지금 무전보내봐줘 소담,O O S-Target
어서 전화합시다 가브리엘에게,O O S-Target
빨리 연락쌔렸느냐 김민이,O O S-Target
그런데 연락뿌셨느냐 수빈,O O S-Target
어서 이천우에게 통화보내봅시다,O S-Target O
빨리 무전놔볼래 박세훈,O O S-Target
당장 통화놔봐보자 이천우에게,O O S-Target
지금 수빈 연락뿌시는거 어때,O S-Target O O
어서 이규빈에게 통화넣어쥬,O S-Target O
빨리 연락해주자 송보담,O O S-Target
당장 통화보냈느냐 이경원에게,O O S-Target
당장 통화하니 가브리엘에게,O O S-Target
어서 다솜에게 통화때려주실 수 있나요,O S-Target O O O
어서 전화세립시다 이경원에게,O O S-Target
어서 통화넣어라 가이에게,O O S-Target
그런데 무전놓았나 송보담,O O S-Target
지금 하그리 연락쌔려다오,O S-Target O
지금 송보담 무전뿌셔주실 수 있나요,O S-Target O O O
지금 김민이 무전넣어줄 수 있냐,O S-Target O O O
그런데 소담 무전쳐주자,O S-Target O
그런데 무전해보자고 소담,O O S-Target
어서 전화넣어주시겠습니까 설아에게,O O S-Target
혹시 다솜에게 전화세리고 싶어,O S-Target O O
혹시 전화뿌셨냐 이규빈에게,O O S-Target
혹시 전화넣었니 이경원에게,O O S-Target
혹시 통화남겨봐봐 이천우에게,O O S-Target
당장 전화세려주세요 설아에게,O O S-Target
당장 이천우에게 통화세려주시겠습니까,O S-Target O
빨리 소담 연락쌔려볼까,O S-Target O
그런데 무전쌔렸니 하그리,O O S-Target
당장 전화놔줘봐 가브리엘에게,O O S-Target
그런데 무전남겨주라 송보담,O O S-Target
빨리 무전세려주라 수빈,O O S-Target
당장 전화뿌셔봅시다 다솜에게,O O S-Target
그런데 하그리 무전뿌셔볼까,O S-Target O
빨리 수빈 연락때려주시겠습니까,O S-Target O
당장 가브리엘에게 전화놔라,O S-Target O
어서 설아에게 통화세렸느냐,O S-Target O
빨리 송보담 연락놓아볼래,O S-Target O
그런데 연락때려보자 소담,O O S-Target
어서 다솜에게 통화남겨볼까,O S-Target O
당장 전화남겨줄래요 가이에게,O O S-Target
지금 김민이 무전쳐쥬,O S-Target O
지금 무전남겨줄 수 있으십니까 하그리,O O O O S-Target
그런데 제니 연락세려줄 수 있어,O S-Target O O O
지금 연락보내주라 제니,O O S-Target
지금 무전놓아봐보자 하그리,O O S-Target
어서 전화해주실 수 있나요 설아에게,O O O O S-Target
혹시 전화뿌셔줄 수 있어 설아에게,O O O O S-Target
당장 가브리엘에게 통화놓아줄래요,O S-Target O
당장 이경원에게 전화보내줘,O S-Target O
당장 다솜에게 통화넣어주라,O S-Target O
혹시 전화넣어줄 수 있어 이경원에게,O O O O S-Target
그런데 연락보내보자 제니,O O S-Target
빨리 무전놓으는거 어때 김민이,O O O S-Target
당장 이경원에게 전화보내야 겠어,O S-Target O O
혹시 가이에게 전화때려라,O S-Target O
당장 전화놔줄래요 설아에게,O O S-Target
어서 통화넣을까 설아에게,O O S-Target
그런데 수빈 연락놔주세요,O S-Target O
혹시 통화때려주세요 다솜에게,O O S-Target
혹시 전화놓아줘봐 이경원에게,O O S-Target
빨리 무전남겨주실 수 있으십니까 송보담,O O O O S-Target
혹시 전화했니 가브리엘에게,O O S-Target
그런데 연락때렸어 제니,O O S-Target
당장 가이에게 통화쳐줄래,O S-Target O
당장 설아에게 전화해라,O S-Target O
그런데 연락놓아줘 김민이,O O S-Target
당장 전화뿌셔달라고 했지 이천우에게,O O O S-Target
혹시 설아에게 통화뿌셔봐봐,O S-Target O
지금 박세훈 무전놔봐,O S-Target O
지금 소담 연락놨어,O S-Target O
지금 연락치는거 어때 소담,O O O S-Target
당장 가이에게 통화뿌셔보자고,O S-Target O
당장 설아에게 통화놓아봅시다,O S-Target O
빨리 제니 연락놔볼까,O S-Target O
어서 통화해주시겠습니까 다솜에게,O O S-Target
어서 통화넣어줘 이천우에게,O O S-Target
빨리 무전보내주실 수 있나요 제니,O O O O S-Target
어서 통화쌔려줘봐 가이에게,O O S-Target
빨리 수빈 무전놨냐,O S-Target O
그런데 무전세려줘봐 수빈,O O S-Target
빨리 연락세려줄 수 있으십니까 하그리,O O O O S-Target
그런데 무전뿌셔주세요 송보담,O O S-Target
어서 이규빈에게 전화넣었나,O S-Target O
빨리 무전쳐주라 김민이,O O S-Target
당장 전화보내봐 가이에게,O O S-Target
지금 김민이 연락놓았느냐,O S-Target O
당장 전화뿌시냐 다솜에게,O O S-Target
지금 연락세려줄 수 있냐 소담,O O O O S-Target
빨리 연락보내니 송보담,O O S-Target
어서 설아에게 전화남기니,O S-Target O
지금 연락놓으자 제니,O O S-Target
당장 다솜에게 전화쳐줄 수 있느냐,O S-Target O O O
어서 통화때려줄래 이규빈에게,O O S-Target
어서 이경원에게 전화놓아줄 수 있느냐,O S-Target O O O
빨리 연락쌔려주겠니 수빈,O O S-Target
당장 통화뿌셔라 다솜에게,O O S-Target
어서 이규빈에게 전화놓으고 싶어,O S-Target O O
그런데 수빈 무전뿌시니,O S-Target O
지금 수빈 무전해줄 수 있느냐,O S-Target O O O
빨리 소담 무전때려줄 수 있어,O S-Target O O O
혹시 통화보내볼까 이천우에게,O O S-Target
어서 가이에게 전화남길까,O S-Target O
그런데 박세훈 무전세려봐보자,O S-Target O
당장 다솜에게 전화때려주라,O S-Target O
지금 박세훈 무전놔주겠니,O S-Target O
빨리 소담 연락세려줘,O S-Target O
혹시 통화때렸느냐 이규빈에게,O O S-Target
당장 이규빈에게 전화남겨다오,O S-Target O
어서 이규빈에게 통화쌔려라,O S-Target O
당장 설아에게 통화놓아주실 수 있나요,O S-Target O O O
당장 가이에게 통화세려보자,O S-Target O
지금 제니 무전뿌셔주라,O S-Target O
혹시 이천우에게 전화쌔리고 싶어,O S-Target O O
어서 이경원에게 전화놓아봐봐,O S-Target O
당장 다솜에게 통화쳐달라고 했지,O S-Target O O
당장 이경원에게 통화보내줄 수 있냐,O S-Target O O O
그런데 연락쌔렸을까 소담,O O S-Target
당장 통화뿌셔야 겠어 이규빈에게,O O O S-Target
지금 소담 무전넣었을까,O S-Target O
빨리 연락넣어봐주라 송보담,O O S-Target
혹시 가이에게 통화놓아볼까,O S-Target O
어서 이경원에게 통화놔줄 수 있느냐,O S-Target O O O
당장 전화해줘봐 이경원에게,O O S-Target
지금 연락쌔려주련 송보담,O O S-Target
그런데 무전놓아주라 수빈,O O S-Target
당장 가이에게 통화넣어봅시다,O S-Target O
빨리 김민이 연락쳐라,O S-Target O
지금 연락세렸나 하그리,O O S-Target
혹시 이규빈에게 통화놓으니,O S-Target O
혹시 전화뿌셔주겠니 설아에게,O O S-Target
혹시 가이에게 전화뿌셔봐주라,O S-Target O
어서 통화세려줄래 이규빈에게,O O S-Target
그런데 박세훈 연락놔줄 수 있냐,O S-Target O O O
혹시 전화세려봐주라 이경원에게,O O S-Target
혹시 이경원에게 통화해줄 수 있냐,O S-Target O O O
그런데 연락넣어주세요 수빈,O O S-Target
빨리 연락세렸을까 하그리,O O S-Target
어서 이경원에게 통화세렸냐고,O S-Target O
어서 다솜에게 전화뿌셨냐고,O S-Target O
그런데 하그리 연락쌔려줄래요,O S-Target O
빨리 수빈 무전쳐주시겠습니까,O S-Target O
빨리 무전넣으자 하그리,O O S-Target
그런데 제니 무전할까,O S-Target O
지금 무전보내주세요 소담,O O S-Target
혹시 통화쳐보자 이규빈에게,O O S-Target
빨리 무전쳐볼래 하그리,O O S-Target
혹시 통화뿌셔줄 수 있느냐 가브리엘에게,O O O O S-Target
어서 가브리엘에게 전화놔주자,O S-Target O
혹시 통화해주실 수 있으십니까 다솜에게,O O O O S-Target
그런데 김민이 무전남겨주세요,O S-Target O
그런데 연락세려봐다오 송보담,O O S-Target
혹시 설아에게 전화때려줄 수 있으십니까,O S-Target O O O
어서 전화쌔려줄 수 있냐 다솜에게,O O O O S-Target
빨리 연락넣으는거 어때 제니,O O O S-Target
혹시 전화보냈냐고 이규빈에게,O O S-Target
지금 하그리 무전쌔려봐봐,O S-Target O
지금 수빈 연락남겨줄 수 있어,O S-Target O O O
빨리 연락해봐줘 소담,O O S-Target
빨리 하그리 연락놔봐봐,O S-Target O
빨리 연락쳐야 겠어 수빈,O O O S-Target
지금 수빈 연락했냐고,O S-Target O
빨리 소담 무전놓아줄 수 있어,O S-Target O O O
지금 연락뿌셔주련 박세훈,O O S-Target
그런데 소담 무전놨냐고,O S-Target O
혹시 통화때려주련 이경원에게,O O S-Target
빨리 연락보냈다 하그리,O O S-Target
어서 이규빈에게 전화해줄래요,O S-Target O
그런데 연락남겨주실 수 있나요 김민이,O O O O S-Target
그런데 김민이 연락남겨주겠니,O S-Target O
지금 연락쌔려봐주라 하그리,O O S-Target
혹시 이경원에게 통화뿌셔주자,O S-Target O
그런데 송보담 연락보낼까,O S-Target O
혹시 전화보내줄 수 있느냐 다솜에게,O O O O S-Target
당장 통화세려라 이경원에게,O O S-Target
빨리 수빈 연락뿌셔줄래요,O S-Target O
그런데 무전뿌시고 싶어 박세훈,O O O S-Target
혹시 통화넣읍시다 이규빈에게,O O S-Target
빨리 김민이 무전넣어주실 수 있나요,O S-Target O O O
빨리 하그리 무전때려봐보자,O S-Target O
그런데 연락때렸다 수빈,O O S-Target
그런데 박세훈 연락쳤냐고,O S-Target O
빨리 김민이 연락보내주련,O S-Target O
혹시 통화쌔리는거 어때 설아에게,O O O S-Target
지금 수빈 무전해주겠니,O S-Target O
혹시 전화남겨줘봐 이천우에게,O O S-Target
빨리 박세훈 연락놓아달라고 했지,O S-Target O O
어서 통화보내는거 어때 가브리엘에게,O O O S-Target
그런데 연락쳐봐보자 소담,O O S-Target
빨리 박세훈 무전쳤나,O S-Target O
어서 통화보내주시겠습니까 가이에게,O O S-Target
그런데 수빈 연락해보자,O S-Target O
지금 제니 연락남겨봐보자,O S-Target O
혹시 이경원에게 통화뿌셔봐다오,O S-Target O
지금 제니 연락쌔려주시겠습니까,O S-Target O
어서 이천우에게 통화세렸니,O S-Target O
어서 전화넣어봐 설아에게,O O S-Target
어서 전화놓아야 겠어 이천우에게,O O O S-Target
당장 이규빈에게 전화보내봐보자,O S-Target O
그런데 김민이 무전때렸니,O S-Target O
당장 이천우에게 통화쳐줄 수 있으십니까,O S-Target O O O
그런데 무전치니 송보담,O O S-Target
빨리 제니 무전놓았다,O S-Target O
빨리 연락놓았냐고 하그리,O O S-Target
빨리 연락놨나 김민이,O O S-Target
그런데 제니 무전치자,O S-Target O
지금 무전쌔릴까 제니,O O S-Target
빨리 무전보냈어 하그리,O O S-Target
어서 통화때려봐주라 설아에게,O O S-Target
빨리 소담 연락뿌셔볼래,O S-Target O
당장 가이에게 전화세리자,O S-Target O
그런데 무전했느냐 제니,O O S-Target
혹시 통화남겨보자 설아에게,O O S-Target
어서 가이에게 전화때려줄 수 있느냐,O S-Target O O O
당장 통화남기고 싶어 이규빈에게,O O O S-Target
지금 연락놓았어 박세훈,O O S-Target
혹시 전화세려볼까 다솜에게,O O S-Target
혹시 이경원에게 전화남겼나,O S-Target O
빨리 소담 무전쳐봐,O S-Target O
혹시 전화쌔려주자 다솜에게,O O S-Target
어서 통화해봐주라 가브리엘에게,O O S-Target
혹시 통화놔주실 수 있나요 가이에게,O O O O S-Target
어서 전화세려봐줘 이천우에게,O O S-Target
당장 가브리엘에게 전화보냈니,O S-Target O
당장 통화남겨라 이규빈에게,O O S-Target
당장 전화보냅시다 이경원에게,O O S-Target
지금 송보담 연락했다,O S-Target O
어서 설아에게 통화보내니,O S-Target O
혹시 이경원에게 전화쳐줄 수 있어,O S-Target O O O
당장 전화넣어줄래요 이천우에게,O O S-Target
지금 하그리 연락뿌셔줘봐,O S-Target O
지금 김민이 무전뿌시자,O S-Target O
그런데 연락하냐 하그리,O O S-Target
혹시 가브리엘에게 통화보내주실 수 있으십니까,O S-Target O O O
지금 박세훈 연락넣어볼래,O S-Target O
혹시 전화때려봅시다 이규빈에게,O O S-Target
혹시 이천우에게 전화쳤느냐,O S-Target O
빨리 무전놓아주겠니 수빈,O O S-Target
그런데 소담 무전놓아봐주라,O S-Target O
혹시 전화쌔려주실 수 있나요 다솜에게,O O O O S-Target
지금 하그리 무전때려볼래,O S-Target O
어서 전화넣어봐보자 다솜에게,O O S-Target
지금 송보담 무전세려보자고,O S-Target O
혹시 전화세렸다 설아에게,O O S-Target
혹시 통화놓아주시겠습니까 가브리엘에게,O O S-Target
혹시 가브리엘에게 통화세려줄 수 있느냐,O S-Target O O O
그런데 무전넣었느냐 김민이,O O S-Target
당장 설아에게 통화남겨봅시다,O S-Target O
어서 가브리엘에게 통화뿌셔봐줘,O S-Target O
빨리 무전세려주자 김민이,O O S-Target
그런데 무전뿌셨어 김민이,O O S-Target
빨리 연락쌔렸냐고 박세훈,O O S-Target
그런데 무전해볼래 수빈,O O S-Target
어서 전화때려줘 설아에게,O O S-Target
혹시 통화넣어봐줘 다솜에게,O O S-Target
빨리 박세훈 연락쌔려주실 수 있으십니까,O S-Target O O O
당장 전화쌔려봐다오 다솜에게,O O S-Target
빨리 연락남깁시다 제니,O O S-Target
빨리 송보담 연락쌔리냐,O S-Target O
어서 전화보내자 이규빈에게,O O S-Target
그런데 박세훈 연락칠까,O S-Target O
빨리 송보담 연락보내봐봐,O S-Target O
혹시 설아에게 통화보내냐,O S-Target O
그런데 소담 연락남기는거 어때,O S-Target O O
빨리 연락세려야 겠어 박세훈,O O O S-Target
어서 가이에게 전화넣어보자,O S-Target O
지금 무전했나 송보담,O O S-Target
빨리 무전뿌셔줄 수 있으십니까 하그리,O O O O S-Target
빨리 무전보내보자고 하그리,O O S-Target
혹시 전화놓아다오 이규빈에게,O O S-Target
어서 전화보내줄 수 있어 이천우에게,O O O O S-Target
그런데 김민이 무전하고 싶어,O S-Target O O
지금 연락뿌셨을까 소담,O O S-Target
어서 이경원에게 전화뿌셔줄 수 있냐,O S-Target O O O
지금 연락치냐 김민이,O O S-Target
그런데 수빈 무전쳐봐줘,O S-Target O
혹시 전화넣어주겠니 가이에게,O O S-Target
지금 박세훈 무전해줄래,O S-Target O
어서 가이에게 전화세렸냐,O S-Target O
빨리 박세훈 연락쌔려보자고,O S-Target O
당장 가이에게 전화세리니,O S-Target O
어서 통화남겨주련 이천우에게,O O S-Target
혹시 전화놔봅시다 설아에게,O O S-Target
지금 무전뿌셔봐 소담,O O S-Target
그런데 박세훈 무전보냅시다,O S-Target O
어서 통화해줄 수 있어 가이에게,O O O O S-Target
그런데 연락놔줄 수 있어 하그리,O O O O S-Target
빨리 연락쳤다 하그리,O O S-Target
그런데 연락해다오 박세훈,O O S-Target
그런데 무전보내는거 어때 송보담,O O O S-Target
혹시 가브리엘에게 전화놔봐줘,O S-Target O
당장 통화넣었냐 설아에게,O O S-Target
지금 연락뿌셔봐보자 박세훈,O O S-Target
지금 김민이 무전쳐줄래요,O S-Target O
혹시 가이에게 통화쌔려줄 수 있으십니까,O S-Target O O O
어서 가브리엘에게 통화뿌셨다,O S-Target O
빨리 박세훈 무전쌔리자,O S-Target O
빨리 무전때려주자 박세훈,O O S-Target
당장 통화해줄 수 있으십니까 가이에게,O O O O S-Target
빨리 수빈 무전해봐보자,O S-Target O
지금 무전세렸어 박세훈,O O S-Target
지금 수빈 무전놓아쥬,O S-Target O
지금 무전넣어주련 수빈,O O S-Target
당장 통화쌔려줄래 가이에게,O O S-Target
그런데 무전때려줄 수 있냐 박세훈,O O O O S-Target
빨리 무전쌔려보자 송보담,O O S-Target
혹시 통화보냈을까 가브리엘에게,O O S-Target
빨리 무전놓아주련 소담,O O S-Target
빨리 송보담 무전뿌셨니,O S-Target O
그런데 하그리 무전놓아봐다오,O S-Target O
빨리 김민이 연락때려다오,O S-Target O
어서 통화했냐 이천우에게,O O S-Target
혹시 전화놓았냐 이규빈에게,O O S-Target
그런데 수빈 무전놓아보자,O S-Target O
그런데 연락보내다오 송보담,O O S-Target
당장 설아에게 전화보내봐다오,O S-Target O
어서 설아에게 통화쳐줘봐,O S-Target O
지금 연락놔쥬 제니,O O S-Target
어서 가브리엘에게 통화놔줄 수 있으십니까,O S-Target O O O
그런데 하그리 무전보내줘봐,O S-Target O
혹시 이천우에게 전화놓아줄 수 있으십니까,O S-Target O O O
지금 송보담 무전쳤니,O S-Target O
어서 가브리엘에게 전화쳤어,O S-Target O
그런데 김민이 연락쌔려줄 수 있어,O S-Target O O O
어서 통화놔주시겠습니까 다솜에게,O O S-Target
혹시 이천우에게 통화보낼까,O S-Target O
당장 통화남겨줘 설아에게,O O S-Target
당장 가브리엘에게 통화쌔리니,O S-Target O
어서 통화때려줄래요 가이에게,O O S-Target
혹시 통화남겨줄 수 있느냐 가이에게,O O O O S-Target
당장 전화남겼어 가브리엘에게,O O S-Target
그런데 소담 연락보냈냐,O S-Target O
그런데 무전쌔려주라 하그리,O O S-Target
어서 통화쳐줄 수 있냐 이경원에게,O O O O S-Target
그런데 박세훈 연락보내자,O S-Target O
혹시 전화때려봐봐 설아에게,O O S-Target
당장 이천우에게 전화세려줄래요,O S-Target O
당장 가브리엘에게 전화보내볼래,O S-Target O
빨리 연락세려봐 김민이,O O S-Target
당장 전화해줘 이천우에게,O O S-Target
지금 연락쳤을까 하그리,O O S-Target
지금 연락칩시다 수빈,O O S-Target
혹시 이천우에게 전화해주련,O S-Target O
그런데 박세훈 연락때려줘봐,O S-Target O
지금 수빈 무전때렸냐,O S-Target O
빨리 제니 무전보내냐,O S-Target O
그런데 연락해봐 김민이,O O S-Target
빨리 박세훈 무전넣으니,O S-Target O
어서 전화해주라 가브리엘에게,O O S-Target
당장 이규빈에게 전화넣었냐고,O S-Target O
지금 무전뿌셔줘 송보담,O O S-Target
빨리 소담 연락보내봐주라,O S-Target O
그런데 송보담 무전쳐봐주라,O S-Target O
지금 송보담 연락넣으고 싶어,O S-Target O O
그런데 연락놓을까 수빈,O O S-Target
혹시 통화쌔려줘 가브리엘에게,O O S-Target
어서 다솜에게 통화놔야 겠어,O S-Target O O
그런데 연락쳐보자고 제니,O O S-Target
지금 무전세려주겠니 제니,O O S-Target
혹시 통화놨느냐 설아에게,O O S-Target
그런데 송보담 연락놨니,O S-Target O
지금 연락쌔립시다 박세훈,O O S-Target
어서 전화세려주실 수 있으십니까 다솜에게,O O O O S-Target
어서 통화놨을까 가이에게,O O S-Target
혹시 전화쳐줘 가브리엘에게,O O S-Target
빨리 무전넣어줄래 수빈,O O S-Target
지금 수빈 무전놔봐다오,O S-Target O
그런데 송보담 무전놓았을까,O S-Target O
당장 설아에게 전화쌔려봅시다,O S-Target O
혹시 전화남겨줄래 이천우에게,O O S-Target
지금 소담 연락쌔려달라고 했지,O S-Target O O
혹시 이천우에게 통화쌔려볼래,O S-Target O
당장 이규빈에게 통화남기자,O S-Target O
그런데 제니 연락뿌실까,O S-Target O
당장 가이에게 통화남겼냐,O S-Target O
당장 이천우에게 통화놔봐주라,O S-Target O
지금 소담 연락넣어주실 수 있으십니까,O S-Target O O O
빨리 무전남겼니 박세훈,O O S-Target
당장 이경원에게 통화남겨주시겠습니까,O S-Target O
어서 통화남겨봐다오 이경원에게,O O S-Target
어서 통화놓아라 이규빈에게,O O S-Target
어서 전화쌔려쥬 가이에게,O O S-Target
어서 다솜에게 통화쳐주겠니,O S-Target O
그런데 제니 연락남겨봐주라,O S-Target O
어서 이천우에게 전화때렸을까,O S-Target O
당장 통화해봐다오 가브리엘에게,O O S-Target
당장 통화쌔렸나 가브리엘에게,O O S-Target
당장 전화뿌십시다 이천우에게,O O S-Target
빨리 수빈 연락놓읍시다,O S-Target O
빨리 무전넣어다오 제니,O O S-Target
당장 설아에게 전화놔보자고,O S-Target O
지금 김민이 무전때려주겠니,O S-Target O
혹시 이경원에게 통화쳐봐봐,O S-Target O
지금 송보담 무전놔주실 수 있으십니까,O S-Target O O O
지금 소담 무전넣어봐봐,O S-Target O
지금 수빈 연락보내주겠니,O S-Target O
어서 이규빈에게 통화하자,O S-Target O
그런데 연락때려주실 수 있으십니까 김민이,O O O O S-Target
그런데 연락넣어보자고 하그리,O O S-Target
지금 제니 무전쌔렸냐,O S-Target O
혹시 통화세려봐봐 다솜에게,O O S-Target
당장 전화남기냐 가브리엘에게,O O S-Target
어서 전화쌔렸어 이규빈에게,O O S-Target
당장 통화쳐주실 수 있나요 다솜에게,O O O O S-Target
지금 연락때려봐다오 송보담,O O S-Target
빨리 연락세릴까 소담,O O S-Target
당장 이천우에게 통화쌔려봐보자,O S-Target O
혹시 가이에게 전화해봅시다,O S-Target O
지금 연락보내줄 수 있으십니까 김민이,O O O O S-Target
당장 다솜에게 전화세려쥬,O S-Target O
지금 연락놔줘 소담,O O S-Target
당장 통화세려주련 설아에게,O O S-Target
지금 연락보내고 싶어 수빈,O O O S-Target
당장 이규빈에게 통화세려볼래,O S-Target O
지금 연락보냈나 하그리,O O S-Target
그런데 소담 무전쳐주실 수 있으십니까,O S-Target O O O
어서 통화했을까 이천우에게,O O S-Target
당장 이천우에게 통화놓아주자,O S-Target O
그런데 연락세려주실 수 있나요 송보담,O O O O S-Target
혹시 가브리엘에게 전화놓으냐,O S-Target O
어서 가브리엘에게 통화놔다오,O S-Target O
그런데 김민이한테 연락연결해봐보자,O S-Target O
빨리 연락발신해라 박세훈한테,O O S-Target
지금 이규빈 교신해보자,O S-Target O
지금 교신할까 이천우,O O S-Target
혹시 걸어줘 소담,O O S-Target
빨리 가이한테 무전발신합시다,O S-Target O
어서 가브리엘 송신해주실 수 있나요,O S-Target O O O
어서 송신해줘봐 수빈,O O S-Target
혹시 연결해봐주라 수빈,O O S-Target
당장 이경원한테 무전송신해봐보자,O S-Target O
빨리 무전송신합시다 다솜한테,O O S-Target
그런데 연락발신해달라고 했지 이경원한테,O O O S-Target
당장 이경원한테 무전교신해주세요,O S-Target O
어서 발신해줘봐 이규빈,O O S-Target
그런데 무전걸어봐 김민이한테,O O S-Target
지금 가브리엘 교신하냐,O S-Target O
당장 연락연결했다 박세훈한테,O O S-Target
혹시 발신해주라 가브리엘,O O S-Target
지금 교신해줄래 소담,O O S-Target
혹시 설아 발신해줄래,O S-Target O
어서 하그리 송신해라,O S-Target O
혹시 교신해쥬 이천우,O O S-Target
혹시 설아 교신해볼래,O S-Target O
그런데 무전걸어주실 수 있나요 송보담한테,O O O O S-Target
지금 발신하자 가브리엘,O O S-Target
어서 송신해주겠니 설아,O O S-Target
혹시 걸어주시겠습니까 하그리,O O S-Target
지금 수빈 연결하는거 어때,O S-Target O O
그런데 무전걸어줄래요 이경원한테,O O S-Target
혹시 발신해볼래 이천우,O O S-Target
혹시 교신해봅시다 소담,O O S-Target
그런데 연락발신해줘 김민이한테,O O S-Target
그런데 연락걸었나 송보담한테,O O S-Target
그런데 박세훈한테 무전교신했나,O S-Target O
그런데 연락교신해줄 수 있으십니까 다솜한테,O O O O S-Target
지금 수빈 교신해봐다오,O S-Target O
어서 송신해다오 이천우,O O S-Target
혹시 교신해줄래요 이천우,O O S-Target
어서 수빈 송신해봅시다,O S-Target O
혹시 거고 싶어 가브리엘,O O O S-Target
당장 김민이한테 무전교신했느냐,O S-Target O
그런데 연락교신해볼까 제니한테,O O S-Target
어서 걸어주자 하그리,O O S-Target
당장 다솜한테 연락연결해볼까,O S-Target O
그런데 무전송신해쥬 다솜한테,O O S-Target
당장 김민이한테 무전발신해봐보자,O S-Target O
빨리 김민이한테 무전발신해봐다오,O S-Target O
지금 발신해줄 수 있어 수빈,O O O O S-Target
당장 김민이한테 연락발신해주자,O S-Target O
어서 이천우 송신해볼까,O S-Target O
혹시 연결해쥬 하그리,O O S-Target
빨리 무전연결해줄래 송보담한테,O O S-Target
당장 가이한테 연락걸어주실 수 있으십니까,O S-Target O O O
혹시 소담 발신해봐,O S-Target O
어서 소담 걸어달라고 했지,O S-Target O O
그런데 무전걸어줄 수 있어 송보담한테,O O O O S-Target
빨리 연락걸어봅시다 이경원한테,O O S-Target
빨리 무전교신해주실 수 있으십니까 김민이한테,O O O O S-Target
그런데 연락송신하는거 어때 가이한테,O O O S-Target
혹시 교신해봐주라 설아,O O S-Target
혹시 설아 교신해봐,O S-Target O
혹시 이규빈 연결해보자고,O S-Target O
그런데 박세훈한테 무전교신해줄 수 있어,O S-Target O O O
어서 설아 걸었어,O S-Target O
당장 무전교신했니 송보담한테,O O S-Target
빨리 송보담한테 연락연결하냐,O S-Target O
어서 교신했어 이천우,O O S-Target
혹시 이천우 걸었니,O S-Target O
빨리 연락송신해주련 송보담한테,O O S-Target
그런데 무전발신해봐줘 박세훈한테,O O S-Target
빨리 김민이한테 연락발신해보자,O S-Target O
어서 수빈 걸어줄 수 있으십니까,O S-Target O O O
빨리 연락발신하는거 어때 가이한테,O O O S-Target
그런데 제니한테 연락송신해달라고 했지,O S-Target O O
어서 소담 교신해달라고 했지,O S-Target O O
빨리 제니한테 연락교신해주시겠습니까,O S-Target O
당장 무전송신할까 제니한테,O O S-Target
지금 교신하자 소담,O O S-Target
그런데 연락발신해보자고 김민이한테,O O S-Target
그런데 이경원한테 연락연결해줄 수 있어,O S-Target O O O
지금 걸어줄래 설아,O O S-Target
그런데 연락발신해봐봐 송보담한테,O O S-Target
빨리 제니한테 연락걸어줄 수 있느냐,O S-Target O O O
그런데 가이한테 무전발신해쥬,O S-Target O
어서 연결해야 겠어 이규빈,O O O S-Target
그런데 연락송신해봐줘 제니한테,O O S-Target
지금 송신했어 소담,O O S-Target
당장 송보담한테 연락거는거 어때,O S-Target O O
혹시 수빈 걸어주겠니,O S-Target O
당장 다솜한테 무전발신해주겠니,O S-Target O
어서 연결해봐줘 이규빈,O O S-Target
당장 무전연결하자 송보담한테,O O S-Target
빨리 제니한테 무전송신해줄래,O S-Target O
지금 설아 발신했니,O S-Target O
당장 무전교신했냐 김민이한테,O O S-Target
혹시 연결하고 싶어 가브리엘,O O O S-Target
빨리 송보담한테 무전걸어주련,O S-Target O
당장 연락연결해다오 송보담한테,O O S-Target
그런데 무전걸어볼까 제니한테,O O S-Target
빨리 이경원한테 무전발신했냐고,O S-Target O
혹시 송신해주자 하그리,O O S-Target
지금 이천우 연결해줄래요,O S-Target O
어서 소담 발신하고 싶어,O S-Target O O
그런데 무전발신해봅시다 다솜한테,O O S-Target
그런데 김민이한테 무전교신했다,O S-Target O
당장 연락교신해다오 이경원한테,O O S-Target
빨리 가이한테 연락거니,O S-Target O
그런데 다솜한테 무전연결해주시겠습니까,O S-Target O
지금 가브리엘 연결해봅시다,O S-Target O
빨리 무전연결해주자 박세훈한테,O O S-Target
지금 이천우 발신해주시겠습니까,O S-Target O
당장 다솜한테 연락연결했냐고,O S-Target O
그런데 이경원한테 무전연결해줄 수 있느냐,O S-Target O O O
지금 교신해주실 수 있나요 이규빈,O O O O S-Target
그런데 무전교신해줄 수 있냐 이경원한테,O O O O S-Target
당장 무전송신했다 이경원한테,O O S-Target
혹시 발신해주련 이규빈,O O S-Target
당장 연락발신해볼까 제니한테,O O S-Target
빨리 무전연결해봐봐 김민이한테,O O S-Target
어서 연결했냐 가브리엘,O O S-Target
당장 송보담한테 무전교신합시다,O S-Target O
빨리 연락연결할까 박세훈한테,O O S-Target
당장 무전걸어라 박세훈한테,O O S-Target
지금 수빈 교신하는거 어때,O S-Target O O
빨리 연락연결해달라고 했지 박세훈한테,O O O S-Target
어서 이천우 연결합시다,O S-Target O
어서 교신했냐고 소담,O O S-Target
빨리 다솜한테 무전발신하니,O S-Target O
당장 연락송신하자 송보담한테,O O S-Target
빨리 무전송신했냐 가이한테,O O S-Target
그런데 박세훈한테 연락송신했나,O S-Target O
당장 가이한테 무전연결해주라,O S-Target O
빨리 가이한테 연락걸어봐줘,O S-Target O
혹시 수빈 송신해주실 수 있으십니까,O S-Target O O O
당장 무전교신하니 다솜한테,O O S-Target
어서 교신해줄 수 있느냐 가브리엘,O O O O S-Target
그런데 무전송신해줘 김민이한테,O O S-Target
그런데 다솜한테 연락연결해봐다오,O S-Target O
지금 가브리엘 걸어다오,O S-Target O
빨리 무전발신해다오 이경원한테,O O S-Target
혹시 걸어보자 설아,O O S-Target
지금 발신해줄 수 있으십니까 소담,O O O O S-Target
당장 무전송신해야 겠어 다솜한테,O O O S-Target
당장 박세훈한테 무전연결해줄 수 있냐,O S-Target O O O
어서 가브리엘 교신했을까,O S-Target O
어서 걸까 이규빈,O O S-Target
지금 이규빈 교신해줘,O S-Target O
혹시 송신해봐봐 하그리,O O S-Target
혹시 발신해봐주라 설아,O O S-Target
어서 이천우 발신하냐,O S-Target O
혹시 수빈 송신해주세요,O S-Target O
그런데 연락발신해야 겠어 박세훈한테,O O O S-Target
당장 다솜한테 연락걸어봐주라,O S-Target O
그런데 송보담한테 연락송신해주라,O S-Target O
빨리 가이한테 무전발신해줄 수 있냐,O S-Target O O O
혹시 소담 송신해줄 수 있냐,O S-Target O O O
어서 교신해라 설아,O O S-Target
혹시 송신해봐 이규빈,O O S-Target
혹시 이규빈 송신하고 싶어,O S-Target O O
지금 하그리 연결해줘,O S-Target O
어서 걸었을까 하그리,O O S-Target
어서 송신해보자고 하그리,O O S-Target
혹시 송신해보자 소담,O O S-Target
당장 연락연결해보자 이경원한테,O O S-Target
당장 가이한테 연락교신해봐보자,O S-Target O
지금 발신했느냐 하그리,O O S-Target
당장 가이한테 연락송신해줄 수 있느냐,O S-Target O O O
어서 이규빈 연결해주세요,O S-Target O
어서 수빈 걸었다,O S-Target O
어서 걸어볼래 소담,O O S-Target
빨리 이경원한테 무전걸어봐봐,O S-Target O
지금 연결해주실 수 있으십니까 설아,O O O O S-Target
혹시 연결해주겠니 가브리엘,O O S-Target
어서 하그리 발신할까,O S-Target O
지금 가브리엘 걸었냐,O S-Target O
어서 수빈 연결했나,O S-Target O
혹시 교신해주겠니 하그리,O O S-Target
지금 소담 발신해줄 수 있느냐,O S-Target O O O
그런데 연락연결해볼래 가이한테,O O S-Target
빨리 송보담한테 무전거자,O S-Target O
지금 이규빈 송신했느냐,O S-Target O
지금 설아 송신했을까,O S-Target O
그런데 이경원한테 연락연결해주실 수 있나요,O S-Target O O O
빨리 박세훈한테 무전연결하니,O S-Target O
당장 박세훈한테 무전발신해주실 수 있나요,O S-Target O O O
빨리 무전교신해주련 제니한테,O O S-Target
어서 발신했어 가브리엘,O O S-Target
빨리 연락송신하냐 다솜한테,O O S-Target
당장 제니한테 무전걸어보자고,O S-Target O
어서 이규빈 송신해볼래,O S-Target O
빨리 박세훈한테 무전거냐,O S-Target O
혹시 교신해봐봐 가브리엘,O O S-Target
지금 송신해줄래요 이천우,O O S-Target
혹시 이규빈 걸어봐다오,O S-Target O
지금 수빈 연결해봐,O S-Target O
그런데 무전연결했어 제니한테,O O S-Target
지금 이규빈 송신해주시겠습니까,O S-Target O
빨리 이경원한테 연락연결해라,O S-Target O
빨리 다솜한테 연락교신해야 겠어,O S-Target O O
그런데 다솜한테 연락연결해줄 수 있으십니까,O S-Target O O O
혹시 가브리엘 발신했나,O S-Target O
당장 제니한테 무전발신해줄래요,O S-Target O
빨리 연락걸었냐고 다솜한테,O O S-Target
당장 연락걸어쥬 박세훈한테,O O S-Target
어서 설아 걸어주세요,O S-Target O
빨리 이경원한테 연락교신해주자,O S-Target O
빨리 무전걸어봐보자 제니한테,O O S-Target
혹시 소담 발신했냐,O S-Target O
당장 박세훈한테 연락걸어줘봐,O S-Target O
지금 가브리엘 교신하고 싶어,O S-Target O O
어서 교신해주라 이천우,O O S-Target
당장 가이한테 무전교신해보자고,O S-Target O
빨리 연락연결했니 김민이한테,O O S-Target
혹시 걸었느냐 하그리,O O S-Target
지금 송신하니 하그리,O O S-Target
지금 이천우 송신해줄 수 있어,O S-Target O O O
지금 발신했다 수빈,O O S-Target
지금 이규빈 연결해주련,O S-Target O
어서 수빈 걸어야 겠어,O S-Target O O
혹시 송신해봐다오 이천우,O O S-Target
당장 김민이한테 연락교신해줘봐,O S-Target O
빨리 제니한테 연락송신해봐주라,O S-Target O
지금 발신해주세요 하그리,O O S-Target
지금 송신해줄 수 있으십니까 하그리,O O O O S-Target
당장 제니한테 연락연결했을까,O S-Target O
혹시 수빈 송신했냐고,O S-Target O
그런데 가이한테 무전연결해줘봐,O S-Target O
당장 김민이한테 연락겁시다,O S-Target O
그런데 연락발신했을까 가이한테,O O S-Target
그런데 무전연결했느냐 가이한테,O O S-Target
어서 소담 걸어줄 수 있냐,O S-Target O O O
지금 하그리 발신해주실 수 있으십니까,O S-Target O O O
어서 교신해봐줘 설아,O O S-Target
혹시 이천우 걸어주라,O S-Target O
지금 송신했니 설아,O O S-Target
그런데 이경원 전화,O S-Target O
어서 통화 송보담,O O S-Target
지금 무전 제니한테,O O S-Target
혹시 연락 이규빈한테,O O S-Target
